<?xml version="1.0" encoding="UTF-8"?>
<project-private xmlns="http://www.netbeans.org/ns/project-private/1">
    <editor-bookmarks xmlns="http://www.netbeans.org/ns/editor-bookmarks/2" lastBookmarkId="0"/>
    <open-files xmlns="http://www.netbeans.org/ns/projectui-open-files/2">
        <group>
            <file>file:/home/professor/NetBeansProjects/PSP_Exemple_ProdCons/src/psp_exemple_prodcons/Productor.java</file>
            <file>file:/home/professor/NetBeansProjects/PSP_Exemple_ProdCons/src/psp_exemple_prodcons/CintaTransportadora.java</file>
            <file>file:/home/professor/NetBeansProjects/PSP_Exemple_ProdCons/src/psp_exemple_prodcons/PSP_Exemple_ProdCons.java</file>
            <file>file:/home/professor/NetBeansProjects/PSP_Exemple_ProdCons/src/psp_exemple_prodcons/Consumidor.java</file>
        </group>
    </open-files>
</project-private>
